<?xml version="1.0" encoding="UTF-8"?>
<paths>
  <path>.</path>
  <path>apps</path>
  <path>apps\recognition</path>
  <path>data</path>
  <path>docsrc</path>
  <path>docsrc\dtd</path>
  <path>docsrc\dtd\xhtml1</path>
  <path>docsrc\figures</path>
  <path>docsrc\images</path>
  <path>docsrc\tutorials</path>
  <path>make</path>
  <path>src</path>
  <path>toolbox</path>
  <path>toolbox\aib</path>
  <path>toolbox\demo</path>
  <path>toolbox\fisher</path>
  <path>toolbox\geometry</path>
  <path>toolbox\gmm</path>
  <path>toolbox\imop</path>
  <path>toolbox\kmeans</path>
  <path>toolbox\misc</path>
  <path>toolbox\mser</path>
  <path>toolbox\plotop</path>
  <path>toolbox\quickshift</path>
  <path>toolbox\sift</path>
  <path>toolbox\slic</path>
  <path>toolbox\special</path>
  <path>toolbox\vlad</path>
  <path>toolbox\xtest</path>
  <path>vl</path>
  <path>vlfeat.xcodeproj</path>
  <path>vlfeat.xcodeproj\xcshareddata</path>
  <path>vlfeat.xcodeproj\xcshareddata\xcschemes</path>
</paths>
