<?xml version="1.0" encoding="UTF-8"?>
<addOn>
  <identifier>e5aef2bd-4a80-11e4-9553-005056977bd0</identifier>
  <displayType>Collection</displayType>
  <translatedDisplayType>
    <en_US>Collection</en_US>
    <es_ES>Collection</es_ES>
    <es_MX>Collection</es_MX>
    <ja_JP>コレクション</ja_JP>
    <ko_KR>컬렉션</ko_KR>
    <zh_CN>集合</zh_CN>
  </translatedDisplayType>
  <name>vlfeat/vlfeat</name>
  <author>Andrea Vedaldi</author>
  <version>1.1.0.0</version>
  <downloadUrl>https://www.mathworks.com/matlabcentral/mlc-downloads/downloads/e5aef2bd-4a80-11e4-9553-005056977bd0/3b423170-0df6-5bd1-e280-187eabbb0395/packages/zip?src=addons_ml_desktop_install&amp;profile_id=26506511&amp;license=41011528&amp;release_family=R2022b</downloadUrl>
  <licenseUrl>https://addons.mathworks.com/registry/v1/e5aef2bd-4a80-11e4-9553-005056977bd0/1.1.0.0/-/license</licenseUrl>
  <previewImageUrl>https://www.mathworks.com/responsive_image/160/120/0/0/0/cache/matlabcentral/mlc-downloads/downloads/submissions/47809/versions/2/screenshot.jpg</previewImageUrl>
  <releaseNotesUrl>https://www.mathworks.com/add-ons/e5aef2bd-4a80-11e4-9553-005056977bd0/3b423170-0df6-5bd1-e280-187eabbb0395/releaseNotes</releaseNotesUrl>
  <installationFolder>Collections</installationFolder>
</addOn>
